{
  "metadata": {
    "total_complexes": 5316,
    "metal_complexes": 1982,
    "nonmetal_complexes": 3334,
    "total_runs": 15948,
    "engines": [
      "pandacore",
      "pandaml",
      "pandaphysics"
    ],
    "date_generated": "2025-07-10T17:12:30.995651"
  },
  "engine_performance": {
    "pandacore": {
      "overall": {
        "count": 5316,
        "mean_rmsd": 3.6943861771757445,
        "success_rate": 0.43077501881113617,
        "mean_time": 51.29264815686411
      },
      "metal": {
        "count": 1982,
        "mean_rmsd": 4.431366543339656,
        "success_rate": 0.3521695257315843,
        "mean_coordination_score": 0.49864630290227624
      },
      "nonmetal": {
        "count": 3334,
        "mean_rmsd": 3.2562652756349912,
        "success_rate": 0.47750449910017995
      }
    },
    "pandaml": {
      "overall": {
        "count": 5316,
        "mean_rmsd": 3.0519253751567548,
        "success_rate": 0.49924755455229497,
        "mean_time": 38.72572310283862
      },
      "metal": {
        "count": 1982,
        "mean_rmsd": 3.1897590174020003,
        "success_rate": 0.4783047426841574,
        "mean_coordination_score": 0.6486311361437109
      },
      "nonmetal": {
        "count": 3334,
        "mean_rmsd": 2.9699858793768876,
        "success_rate": 0.5116976604679064
      }
    },
    "pandaphysics": {
      "overall": {
        "count": 5316,
        "mean_rmsd": 2.9394631189072777,
        "success_rate": 0.5220090293453724,
        "mean_time": 71.6959437391462
      },
      "metal": {
        "count": 1982,
        "mean_rmsd": 2.54749019795304,
        "success_rate": 0.565590312815338,
        "mean_coordination_score": 0.8291682906748227
      },
      "nonmetal": {
        "count": 3334,
        "mean_rmsd": 3.172483613607728,
        "success_rate": 0.49610077984403117
      }
    }
  },
  "metal_distribution": {
    "ZN": 2856,
    "CA": 1554,
    "MG": 1071,
    "NA": 636,
    "MN": 213,
    "K": 186,
    "NI": 141,
    "HG": 138,
    "FE": 99,
    "CD": 93,
    "CO": 75,
    "SE": 39,
    "CU": 21,
    "LI": 15,
    "CS": 6,
    "SR": 3
  }
}